casa,2026-09-01,2026-09-02,2026-09-03,2026-09-04,2026-09-05,2026-09-06,2026-09-07,2026-09-08,2026-09-09,2026-09-10,2026-09-11,2026-09-12,2026-09-13,2026-09-14,2026-09-15,2026-09-16,2026-09-17,2026-09-18,2026-09-19,2026-09-20,2026-09-21,2026-09-22,2026-09-23,2026-09-24,2026-09-25,2026-09-26,2026-09-27,2026-09-28,2026-09-29,2026-09-30,total_kWh
Casa 111,18.33,19.52,15.39,23.02,21.80,19.95,2.94,12.24,25.51,22.14,8.11,5.48,10.60,16.59,17.42,18.10,25.82,28.07,9.88,10.38,15.91,17.99,22.64,17.90,12.44,0.00,4.57,11.02,12.70,7.83,454.3
Casa 10,13.99,14.31,11.42,0.00,18.52,14.82,13.06,13.31,0.00,15.76,4.67,15.85,5.62,0.00,15.24,15.03,20.55,14.88,10.03,10.20,9.27,0.41,9.36,15.23,0.00,0.00,8.74,0.00,10.54,5.90,286.7
Casa 70,8.98,6.76,5.46,12.08,14.14,11.70,4.66,7.12,13.46,10.38,2.99,8.47,3.03,6.31,4.89,7.67,11.30,6.03,2.84,0.00,7.09,7.24,7.61,9.04,7.15,0.00,3.38,3.36,12.23,0.05,205.4
Casa 74,6.35,6.03,6.19,9.97,20.85,17.74,2.17,4.28,12.87,9.31,1.22,2.71,3.60,5.40,6.48,5.46,10.30,0.07,0.56,3.55,6.35,6.14,6.42,11.22,6.75,1.46,2.36,6.13,7.00,0.00,188.9
Casa 155,6.66,8.37,6.80,12.14,11.17,10.06,7.75,0.37,12.37,9.02,2.27,2.43,0.00,0.00,3.10,4.61,8.03,12.18,0.00,0.00,1.70,10.05,8.57,3.90,2.11,0.00,0.00,5.71,13.34,4.62,167.3
Casa 99,8.94,3.33,4.56,13.39,0.00,9.18,10.52,10.43,0.00,8.53,0.25,6.06,5.26,0.00,9.56,1.07,10.24,10.54,4.49,6.72,6.24,0.00,5.68,5.94,8.31,3.65,3.48,3.44,0.00,4.49,164.3
Casa 382p,2.26,7.88,4.78,9.47,12.09,11.96,7.84,6.16,11.75,5.44,0.00,4.75,0.00,4.80,5.29,4.01,10.84,11.22,0.00,6.96,0.00,0.00,8.52,1.82,4.42,0.00,3.65,0.00,10.33,5.14,161.4
Casa 78T,1.45,6.19,0.00,18.96,5.47,11.58,14.01,12.71,16.73,8.34,2.40,0.00,0.00,2.46,4.24,2.63,14.55,16.24,3.06,8.24,0.18,4.43,0.00,0.00,0.00,0.00,0.00,0.00,0.00,0.00,153.9
Casa 76,5.44,4.87,4.81,8.48,8.34,3.34,4.30,3.24,6.58,0.00,0.00,5.59,0.00,9.26,17.98,7.07,10.83,12.73,0.00,0.59,2.13,2.81,14.28,7.40,0.00,0.00,0.00,0.38,12.45,0.00,152.9
Casa 446p,3.01,8.66,6.57,9.11,7.59,2.46,8.55,6.79,11.19,6.17,2.58,1.40,0.00,1.57,6.27,3.65,8.53,9.35,0.00,5.24,1.76,1.39,8.56,6.13,3.81,0.00,2.73,0.00,9.99,4.98,148.0
Casa 2,6.65,7.36,0.00,10.79,10.46,15.97,0.00,7.90,13.26,9.21,0.00,8.27,1.10,2.35,5.02,1.23,12.96,0.00,0.00,0.43,3.71,7.20,9.23,2.79,5.00,0.00,0.00,0.55,0.00,0.00,141.4
Casa 12,8.72,6.09,0.51,13.31,19.78,9.65,6.25,0.47,10.87,1.15,0.00,0.00,0.00,1.70,6.35,1.39,0.00,2.74,0.00,1.80,2.29,4.58,10.30,3.36,3.37,0.00,0.99,3.64,15.01,0.53,134.9
Casa 55p,0.00,0.00,0.98,9.40,8.19,0.00,5.36,6.75,9.86,3.50,0.00,4.62,7.05,4.94,4.34,4.48,8.48,10.02,0.00,7.64,0.00,5.00,8.18,5.71,3.93,0.00,1.68,0.00,10.34,4.12,134.6
Casa 73,3.40,4.57,1.96,3.69,4.60,0.00,0.00,0.50,9.77,6.56,0.00,3.44,2.83,4.39,5.46,0.53,7.35,7.76,3.95,3.59,0.00,3.49,0.76,1.31,0.45,0.77,0.63,2.21,6.69,0.00,90.7
Casa 29,1.44,2.22,3.53,3.15,2.38,1.96,6.38,12.64,5.06,2.42,0.00,0.00,0.00,6.14,0.20,1.11,6.25,14.95,0.00,0.00,1.73,0.00,0.00,3.07,3.91,0.00,0.00,0.59,7.12,0.00,86.2
Casa 104,3.52,1.92,1.42,4.92,3.04,1.92,1.97,2.39,3.54,3.21,0.00,0.00,0.39,2.78,2.35,0.84,3.71,3.58,0.00,0.44,3.25,1.07,3.08,4.62,6.46,3.51,5.22,7.44,5.42,3.43,85.5
Casa 15,5.24,8.10,0.00,7.84,10.88,5.19,0.00,5.48,2.51,0.00,0.00,2.36,0.00,0.94,0.00,0.54,3.34,0.08,0.17,0.00,0.00,4.92,0.00,2.05,0.50,0.00,0.00,0.17,9.19,0.00,69.5
Casa 23,1.67,0.63,3.36,0.00,11.41,10.54,0.00,1.95,1.39,0.00,0.00,0.00,2.46,0.62,0.00,0.00,7.09,4.51,0.00,0.00,5.82,1.86,5.19,2.78,1.48,0.00,0.00,0.00,5.89,0.00,68.7
Casa 108,3.06,0.00,1.55,7.85,9.50,5.65,0.00,3.15,10.92,5.91,0.00,0.00,0.00,2.26,2.10,0.00,5.27,0.00,0.59,0.00,2.88,4.55,0.00,0.00,0.00,0.00,0.00,0.00,0.00,0.00,65.2
Casa 10p,0.00,0.66,1.72,0.00,4.04,2.27,2.01,3.04,5.75,0.15,0.00,2.57,0.00,1.86,1.39,2.12,6.21,2.23,0.00,3.80,6.36,1.10,4.40,1.29,1.47,0.00,1.70,0.00,4.33,0.08,60.5
Casa 18,2.25,1.04,2.28,2.79,3.41,3.81,0.00,1.26,5.14,0.24,0.00,0.22,2.26,0.00,0.00,0.00,5.12,0.00,0.00,0.00,0.00,0.00,2.09,1.47,2.34,0.40,0.00,1.20,6.47,0.54,44.3
Casa 11,2.34,3.07,0.07,3.67,4.31,3.07,0.00,1.59,5.81,0.10,0.00,2.98,0.00,0.26,0.64,0.73,4.19,2.27,1.08,0.20,1.44,0.39,0.51,0.97,0.69,0.00,0.00,0.90,1.06,0.00,42.3
Casa 77,0.00,0.00,0.24,6.28,1.17,4.11,3.68,2.75,3.63,0.00,0.00,1.47,0.00,0.00,0.00,1.54,6.51,0.00,0.00,0.00,0.36,0.00,3.03,0.00,1.62,0.00,0.00,0.64,3.75,0.00,40.8
Casa 287,2.14,7.44,4.26,2.83,2.81,1.48,0.00,0.90,4.11,1.38,0.00,0.00,0.00,0.00,6.06,5.53,0.69,0.00,0.00,0.00,0.00,0.00,0.00,0.00,0.00,0.00,0.00,0.00,1.08,0.00,40.7
Casa 35,0.21,2.87,0.00,2.21,3.10,2.84,0.00,4.31,3.79,2.29,0.00,0.90,0.00,0.17,0.54,0.00,3.65,3.20,0.98,0.00,1.76,0.00,1.62,0.12,0.00,0.00,0.00,0.00,2.58,0.00,37.2
Casa 435p,0.00,0.08,0.75,1.28,1.91,2.98,3.62,1.94,1.54,1.06,0.00,0.00,0.00,1.05,0.42,0.36,3.03,2.83,0.00,1.62,0.00,0.00,2.20,2.57,0.65,0.00,1.64,0.00,4.15,0.85,36.5
Casa 93p,0.00,1.11,3.17,0.00,0.00,3.06,3.56,2.41,3.97,1.88,0.00,0.00,0.52,0.10,0.00,1.57,5.00,5.06,0.00,0.00,0.00,0.00,0.52,0.28,0.00,0.00,0.81,0.00,2.16,1.33,36.5
Casa 57,1.33,2.33,0.00,2.95,4.13,1.85,0.00,0.40,3.20,1.95,0.00,0.00,0.00,1.17,1.19,1.11,3.83,0.00,0.00,0.00,0.83,0.00,0.00,0.00,1.55,0.00,0.00,0.70,6.32,0.00,34.8
Casa 48,2.57,2.53,0.00,1.43,3.08,4.13,1.55,2.51,1.62,1.76,0.00,2.27,0.13,0.00,1.57,0.00,0.52,0.17,0.00,0.39,1.59,1.44,0.65,0.00,0.00,0.00,0.00,0.00,3.13,0.00,33.1
Casa 30,0.00,3.55,1.24,5.44,0.00,0.00,0.00,0.00,6.44,0.00,0.00,0.58,0.00,2.28,0.00,0.87,2.62,0.03,0.00,0.00,1.54,0.88,1.41,2.13,0.00,0.00,0.00,0.00,0.00,0.00,29.0
Casa 42,1.32,2.15,1.54,3.05,3.20,3.10,2.11,2.62,6.00,0.00,0.00,0.00,0.00,0.52,1.08,0.05,0.00,0.00,0.00,0.00,0.61,0.15,0.00,0.06,0.00,0.00,0.00,0.00,1.20,0.00,28.8
Casa 63,1.90,2.44,0.00,2.34,0.00,0.30,0.00,1.40,0.00,0.19,0.00,1.96,1.44,0.76,1.94,0.00,1.30,0.00,0.82,6.81,0.00,0.00,0.74,1.02,0.00,0.00,0.00,0.00,0.00,0.00,25.4
Casa 56,1.54,2.37,0.00,3.24,0.50,1.78,0.00,2.21,5.33,0.52,0.00,0.00,0.00,0.00,0.00,0.00,0.00,0.00,0.00,1.89,0.17,0.32,0.00,0.00,0.23,0.00,0.00,0.00,5.21,0.00,25.3
Casa 23p,0.00,0.00,1.46,0.00,0.00,1.50,0.00,0.82,3.76,0.43,0.00,0.00,0.00,0.00,0.00,0.00,0.93,1.93,0.00,0.00,0.00,0.00,1.32,0.12,0.00,0.00,0.00,0.00,2.21,0.00,14.5
Casa 102p,0.00,0.00,0.00,0.00,1.22,1.84,0.87,0.00,1.47,0.00,0.00,0.00,0.00,0.00,0.00,0.00,0.00,0.00,0.00,0.19,0.00,0.00,0.00,0.00,0.00,0.00,0.00,0.00,1.33,0.00,6.9
Casa 24,0.00,2.83,0.00,0.84,0.00,0.00,0.00,0.00,1.15,0.00,0.00,0.00,0.00,0.00,0.00,0.00,0.00,0.00,0.00,0.00,0.00,0.00,0.00,0.00,0.00,0.00,0.00,0.00,1.13,0.00,6.0
Casa 18Ap,0.00,1.09,0.00,0.00,0.00,0.92,0.00,0.00,0.00,0.00,0.00,0.00,0.00,0.00,0.00,0.00,1.74,0.00,0.00,0.00,0.00,0.00,0.00,0.00,0.00,0.00,0.00,0.00,0.00,0.00,3.7
Casa 15p,0.00,0.00,0.00,0.00,0.00,0.00,0.00,0.00,0.00,0.00,0.00,0.00,0.00,0.00,0.00,0.00,0.89,0.00,0.00,0.00,0.00,0.00,0.00,0.00,0.00,0.00,0.00,0.00,0.15,0.00,1.0
