rank_yield,casa,conjunto,marca,paneles,kWp,bateria_nominal_kWh,demanda_kWh,importacion_kWh,generacion_kWh,curtailment_kWh,potencial_kWh,curtailment_pct_potencial,horas_recorte_dia,dias_con_recorte_>2kWh,yield_real_kWh_kWp_anio,yield_sin_curtailment_kWh_kWp_anio,yield_diseno,pct_vs_diseno,pct_vs_diseno_sin_curtailment
1,Casa 24,Terra by Kaia,LIVOLTEK,16,9.52,30.6,1820.9,745.5,1078.8,6.0,1084.7,0.5,0.21,1,1379,1386,1323,104.2,104.8
2,Casa 15p,Prado Verde,LIVOLTEK,5,2.975,10.2,449.6,118.7,331.8,1.0,332.8,0.3,0.08,0,1357,1361,1323,102.6,102.9
3,Casa 93p,Prado Verde,DEYE,8,4.76,16.36,757.2,248.3,509.1,36.5,545.6,6.7,1.16,8,1301,1395,1323,98.4,105.4
4,Casa 78T,Terranova,DEYE,15,8.925,32.08,1881.4,937.5,943.9,153.9,1097.8,14.0,1.72,17,1287,1497,1323,97.3,113.1
5,Casa 18Ap,Prado Verde,LIVOLTEK,6,3.57,10.2,589.5,223.8,366.3,3.7,370.0,1.0,0.28,0,1248,1261,1323,94.4,95.3
6,Casa 23p,Prado Verde,LIVOLTEK,5,2.975,10.2,427.6,128.4,302.2,14.5,316.7,4.6,0.69,2,1236,1295,1323,93.4,97.9
7,Casa 2,Reservas de Pance,DEYE,12,7.14,16.36,963.4,243.5,720.4,141.4,861.8,16.4,2.26,17,1227,1469,1188,103.3,123.6
8,Casa 102p,Prado Verde,LIVOLTEK,5,2.975,10.2,464.2,169.8,294.6,6.9,301.6,2.3,0.50,0,1205,1233,1323,91.1,93.2
9,Casa 15,Reservas de Pance,LIVOLTEK,15,8.925,20.45,995.6,122.4,873.9,69.5,943.4,7.4,1.12,12,1191,1286,1188,100.3,108.3
10,Casa 30,Reservas de Pance,LIVOLTEK,7,4.165,10.2,591.3,184.4,407.2,29.0,436.2,6.7,1.07,6,1190,1274,1188,100.1,107.3
11,Casa 35,Reservas de Pance,LIVOLTEK,6,3.57,10.2,823.6,478.4,346.1,37.2,383.3,9.7,1.53,10,1180,1306,1188,99.3,109.9
12,Casa 435p,Prado Verde,LIVOLTEK,6,3.57,10.2,452.8,108.3,345.5,36.5,382.1,9.6,1.52,7,1178,1302,1323,89.0,98.4
13,Casa 18,Reservas de Pance,LIVOLTEK,7,4.165,10.2,643.3,246.7,396.8,44.3,441.1,10.0,1.48,11,1159,1289,1188,97.6,108.5
14,Casa 57,Reservas de Pance,LIVOLTEK,7,4.165,10.2,526.7,130.5,396.5,34.8,431.3,8.1,1.23,6,1158,1260,1188,97.5,106.0
15,Casa 56,Reservas de Pance,LIVOLTEK,7,4.165,10.2,736.3,342.1,395.3,25.3,420.6,6.0,0.93,5,1155,1229,1188,97.2,103.4
16,Casa 11,Reservas de Pance,LIVOLTEK,7,4.165,10.2,485.6,93.3,392.4,42.3,434.7,9.7,1.78,9,1146,1270,1188,96.5,106.9
17,Casa 23,Reservas de Pance,LIVOLTEK,11,6.545,15.299999999999999,1266.2,662.7,604.9,68.7,673.6,10.2,1.46,10,1125,1252,1188,94.7,105.4
18,Casa 382p,Prado Verde,DEYE,7,4.165,12.27,600.4,220.2,381.0,161.4,542.4,29.8,3.41,22,1113,1584,1323,84.1,119.8
19,Casa 73,Llanos de Pance,LIVOLTEK,6,3.57,10.2,529.6,203.7,326.3,90.7,417.0,21.7,2.81,17,1112,1421,1188,93.6,119.6
20,Casa 77,Reservas de Pance,LIVOLTEK,7,4.165,10.2,625.5,246.6,379.0,40.8,419.7,9.7,1.28,8,1107,1226,1188,93.2,103.2
21,Casa 10p,Prado Verde,LIVOLTEK,6,3.57,10.2,425.0,114.5,312.2,60.5,372.8,16.2,2.20,13,1064,1270,1323,80.4,96.0
22,Casa 287,Terra by Kaia,LIVOLTEK,5,2.975,10.2,371.1,116.0,256.1,40.7,296.8,13.7,1.65,8,1047,1214,1323,79.2,91.8
23,Casa 63,Reservas de Pance,DEYE,6,3.57,10.7,397.7,96.1,301.7,25.4,327.1,7.8,1.39,3,1028,1115,1188,86.6,93.8
24,Casa 48,Reservas de Pance,LIVOLTEK,6,3.57,10.2,459.0,161.2,297.9,33.1,331.0,10.0,1.61,7,1015,1128,1188,85.5,94.9
25,Casa 29,Reservas de Pance,LIVOLTEK,9,5.355,15.3,524.2,88.5,444.9,86.2,531.1,16.2,1.99,14,1011,1207,1188,85.1,101.6
26,Casa 70,Reservas de Pance,DEYE,9,5.355,15.3,715.1,274.3,441.8,205.4,647.2,31.7,3.60,27,1004,1470,1188,84.5,123.8
27,Casa 155,Terra by Kaia,LIVOLTEK,12,7.14,20.4,724.2,146.3,578.9,167.3,746.2,22.4,2.53,22,986,1272,1323,74.6,96.1
28,Casa 10,Reservas de Pance,DEYE,12,7.14,16.36,851.0,278.8,572.7,286.7,859.4,33.4,3.65,23,976,1464,1188,82.1,123.3
29,Casa 99,Reservas de Pance,DEYE,9,5.355,12.34,530.1,101.8,429.2,164.3,593.5,27.7,3.10,23,975,1348,1188,82.1,113.5
30,Casa 42,Reservas de Pance,LIVOLTEK,7,4.165,10.2,487.3,157.9,329.6,28.8,358.3,8.0,1.17,7,963,1047,1188,81.0,88.1
31,Casa 108,Reservas de Pance,LIVOLTEK,7,4.165,10.2,401.6,77.3,324.8,65.2,390.0,16.7,1.83,12,949,1139,1188,79.9,95.9
32,Casa 12,Los Abedules,LIVOLTEK,22,13.09,30.6,1440.0,433.8,1006.4,134.9,1141.3,11.8,1.93,16,935,1061,1188,78.7,89.3
33,Casa 446p,Prado Verde,DEYE,7,4.165,12.27,434.0,116.7,317.8,148.0,465.8,31.8,3.69,22,928,1361,1323,70.2,102.9
34,Casa 74,Reservas de Pance,DEYE,9,5.355,15.299999999999999,756.6,352.0,404.8,188.9,593.7,31.8,3.74,25,920,1349,1188,77.4,113.5
35,Casa 76,Reservas de Pance,LIVOLTEK,12,7.14,20.4,643.0,104.2,538.9,152.9,691.8,22.1,2.51,20,918,1179,1188,77.3,99.2
36,Casa 55p,Prado Verde,DEYE,8,4.76,16.36,394.7,45.6,349.6,134.6,484.2,27.8,3.23,20,894,1238,1323,67.5,93.5
37,Casa 111,Reservas de Pance,DEYE,15,8.925,20.45,833.9,198.0,636.3,454.3,1090.6,41.7,4.57,29,867,1487,1188,73.0,125.1
38,Casa 104,Reservas de Pance,LIVOLTEK,7,4.165,10.2,437.0,162.6,274.5,85.5,360.0,23.7,3.21,19,802,1052,1188,67.5,88.5
