casa,noches_con_piso_en_29_noches_completas,hora_media_piso,hora_mediana_piso
Casa 23,26,20:21,20:22
Casa 35,29,22:59,22:30
Casa 78T,29,21:12,21:00
Casa 382p,29,00:36,00:30
Casa 56,29,22:16,22:00
Casa 24,28,22:20,22:15
Casa 77,28,21:11,21:08
Casa 18,24,21:39,21:00
Casa 15p,28,00:43,01:30
Casa 30,29,23:29,23:00
Casa 73,28,01:25,01:30
Casa 2,23,00:05,23:15
Casa 48,8,03:11,03:15
Casa 70,29,23:15,23:15
Casa 74,15,01:04,01:00
Casa 93p,28,00:19,00:45
Casa 102p,28,00:28,01:00
Casa 42,27,00:16,00:00
Casa 57,28,02:16,02:52
Casa 18Ap,29,22:53,22:45
Casa 23p,22,01:32,01:15
Casa 10,29,00:10,00:30
Casa 11,23,02:56,03:45
Casa 435p,29,01:39,01:45
Casa 10p,17,00:26,00:00
Casa 287,15,00:15,23:30
Casa 63,15,23:39,23:00
Casa 108,12,23:39,00:22
Casa 104,21,00:17,00:15
Casa 99,12,00:08,00:00
Casa 15,14,23:22,22:15
Casa 446p,13,00:16,00:15
Casa 29,9,00:18,00:15
Casa 155,18,01:21,01:00
Casa 111,28,00:46,01:00
Casa 76,15,02:51,02:45
Casa 12,23,00:49,01:45
Casa 55p,4,00:30,01:15
